Title:,2019 Hong Kong Policy Act Report,,
Last Update,2020-06-13,,
Home:,Gota Gota Current Survey <https://ggcs.io>,,
URI:,https://github.com/ggcurrs/data,,
Source:,https://www.state.gov/2019-hong-kong-policy-act-report/,,
,,,
,,,
,,,
,,,
element,text,Google_tralnlate,Bing_translator
h1_000,2019 Hong Kong Policy Act Report,2019香港政策法レポート,2019年香港政策法報告書
doctype,Report,報告する,レポート
author-bureau,Bureau of East Asian and Pacific Affairs,東アジア太平洋局,東アジア太平洋局
publish-date,"March 21, 2019",2019年3月21日,2019年3月21日
p_000,"Pursuant to section 301 of the United States-Hong Kong Policy Act of 1992, as amended (the “Act”), the Department submits this report on recent developments in Hong Kong from May 2018 through March 2019.",修正された1992年の米国-香港政策法（「法」）のセクション301に従って、同省は2018年5月から2019年3月までの香港の最近の動向に関するこのレポートを提出します。,1992年の米国・香港政策法第301条に基づき、改正された「法」に基づき、同部は2018年5月から2019年3月までの香港の最近の動向に関する報告書を提出する。
h2_000,Key Findings,主な調査結果,主な調査結果
h2_000 > li_000,"The United States continues to have deep economic and cultural interests in Hong Kong. Cooperation between the U.S. government (USG) and the Hong Kong government remains broad and effective in many areas, providing significant benefits to the U.S. economy and homeland security.",米国は香港での経済的および文化的関心を深め続けています。米国政府（USG）と香港政府の間の協力は、多くの分野で広く効果的なままであり、米国経済と国土安全保障に大きな利益をもたらしています。,米国は香港で引き続き深い経済的、文化的利益を持っています。米国政府(USG)と香港政府の協力は、多くの分野で広範かつ効果的であり、米国経済と国土安全保障に大きな利益をもたらす。
h2_000 > li_001,"During the period covered by this report, the Chinese mainland central government implemented or instigated a number of actions that appeared inconsistent with China’s commitments in the Basic Law, and in the Sino-British Joint Declaration of 1984, to allow Hong Kong to exercise a high degree of autonomy. The tempo of mainland central government intervention in Hong Kong affairs — and actions by the Hong Kong government consistent with mainland direction — increased, accelerating negative trends seen in previous periods.",このレポートの対象期間中、中国本土の中央政府は、基本法および1984年の中英共同宣言での中国の公約に一致しないと思われるいくつかの行動を実行または扇動し、香港が自律性の程度。本土中央政府による香港問題への介入のテンポ、および本土の方向性と一致する香港政府の行動は増加し、以前の期間に見られた負の傾向を加速させました。,この報告書の対象期間中、中国本土中央政府は、香港が高度な自治権を行使できるように、基本法および1984年の中英共同宣言における中国のコミットメントと矛盾すると思われる多くの行動を実施または扇動した。香港問題における中央政府の本土介入のテンポと、本土の方向と一致する香港政府の行動が増加し、前期に見られた負の傾向が加速した。
h2_000 > li_002,"As a general matter, Hong Kong maintains a sufficient — although diminished — degree of autonomy under the “one country, two systems” framework to justify continued special treatment by the United States for bilateral agreements and programs per the Act. ",一般的な問題として、香港は、「一国二制度」の枠組みのもとで、十分な（ただし減少した）自治度を維持し、法に基づく二国間協定およびプログラムに対する米国による継続的な特別待遇を正当化します。,一般的な問題として、香港は、米国による二国間協定と法に従うプログラムに対する継続的な特別扱いを正当化するための「一国二制度」の枠組みの下で、十分な自律性を維持している。
h2_001,Context of U.S.-Hong Kong Relations,米国と香港の関係の背景,米・香港関係の文脈
h2_001 > p_000,"U.S.-Hong Kong relations are based upon the continued substantial maintenance of the “one country, two systems” framework, as established in the basic law of the Hong Kong Special Administrative Region of the People’s Republic of China, as enacted by the National People’s Congress.  The Act establishes the policy of the USG to treat Hong Kong as a non-sovereign entity distinct from China for the purposes of U.S. domestic law, based on the principles of the 1984 Sino-British Joint Declaration.",米国と香港の関係は、中華人民共和国の香港特別行政区の基本法で制定された「一国二制度」の枠組みの継続的な実質的維持に基づいており、全国人民会議で制定されています。 。同法は、1984年の中英共同宣言の原則に基づいて、米国国内法の目的上、香港を中国とは異なる非主権主体として扱うUSGの方針を確立しています。,米香港関係は、全国人民代表大会が制定した中華人民共和国香港特別行政区の基本法で定められた「一国二制度」の枠組みの継続的な実質的な維持に基づいている。 この法律は、1984年の中英共同宣言の原則に基づいて、米国の国内法の目的で香港を中国とは異なる非主権者として扱うUSGの方針を確立する。
h2_001 > p_001,"Significant economic, legal, and commercial differences continued to exist between the Hong Kong Special Administrative Region and mainland China during the period covered by this report.  Hong Kong practiced free and open trade, with negligible tariff or non-tariff barriers. The Hong Kong economy was free from state direction and, for example, was ranked by the Heritage Foundation as the world’s most free for a 25th consecutive year. The World Bank ranked Hong Kong in fourth place in its ease-of-doing-business index for 2018.  The Hong Kong legal system continued to be based on common-law traditions.  Judges were independent and final judgments respected and enforceable.  Property rights were well protected in law and practice.  Hong Kong maintained its own currency, pegged to the U.S. dollar.  The Hong Kong Monetary Authority set monetary policy autonomously from the People’s Bank of China. Hong Kong was not subject to the mainland cybersecurity law, and persons in Hong Kong could access internet content not available in the mainland, including content offered by U.S. media and technology firms.  Hong Kong maintained customs, immigration, and law enforcement authorities distinct from those of the mainland central government, whose agents were not authorized to operate in Hong Kong except in specified instances discussed later in this report.  Mainland operatives reportedly monitored some political activists, NGOs, and academics who criticized the Chinese central government’s policies.  Hong Kong kept high standards for public health and safety.  Hong Kong people can protest the policies of the mainland central government, such as the annual vigil to commemorate the victims of the 1989 Tiananmen Square massacre, although protest organizers are required to give police notice before demonstrations.",このレポートの対象期間中、香港特別行政区と中国本土の間には、経済的、法的、商業的に大きな違いがありました。香港は、関税または非関税障壁が無視できる程度で、自由で開かれた貿易を実践していた。香港経済は国家の指示から自由であり、例えば、ヘリテージ財団により25年連続で世界で最も自由であるとランク付けされました。世界銀行は2018年のビジネスのしやすさの指標で香港を4位にランク付けしました。香港の法制度は引き続き慣習法の伝統に基づいています。裁判官は独立しており、最終的な判決は尊重され、執行可能でした。財産権は法律および慣行において十分に保護されていました。香港は独自の通貨を維持し、米ドルに固定されていました。香港金融庁は、中国人民銀行から自律的に金融政策を策定しました。香港は中国本土のサイバーセキュリティ法の対象ではなく、香港の人々は米国のメディアおよびテクノロジー企業が提供するコンテンツを含む、中国本土では利用できないインターネットコンテンツにアクセスできました。香港は、中国本土の中央政府とは異なる税関、移民、法執行当局を維持しており、その代理人は、このレポートで後述する特定の場合を除いて、香港での活動を許可されていません。中国本土の工作員は、中国中央政府の政策を批判した政治活動家、NGO、学者を監視したと伝えられています。香港は、公衆衛生と安全のために高い基準を維持しました。抗議主催者はデモの前に警察に通知する必要がありますが、香港の人々は、1989年の天安門広場の虐殺の犠牲者を記念する年次集会など、中国本土の中央政府の政策に抗議することができます。,この報告書の対象期間中、香港特別行政区と中国本土との間には、経済的、法的、商業的に大きな違いが続いた。 香港は自由で開かれた貿易を行い、無視できる関税または非関税障壁を持つ。例えば、香港経済は国家の方向性から解放され、例えば、ヘリテージ財団によって25年連続で世界で最も自由であるとランク付けされました。世界銀行は、2018年のビジネスの容易さ指数で香港を4位にランク付けしました。 香港の法制度は、共通法の伝統に基づいてい続けました。 裁判官は独立した最終的な判断が尊重され、執行可能でした。 財産権は法律と慣行において十分に保護されていました。 香港は自国通貨を維持し、米ドルにペギングした。 香港金融管理局は、中国人民銀行から金融政策を自律的に設定した。香港は本土のサイバーセキュリティ法の対象ではなく、香港の人々は、米国のメディアやテクノロジー企業が提供するコンテンツを含め、本土では利用できないインターネットコンテンツにアクセスすることができました。 香港は、この報告書の後半で議論された特定の例を除いて、エージェントが香港での活動を許可されていない本土中央政府のものとは異なる税関、移民、および法執行当局を維持しました。 本土の工作員は、中国中央政府の政策を批判する一部の政治活動家、NGO、学者を監視したと伝えられている。 香港は公衆衛生と安全に関する高い基準を維持していました。 香港の人々は、1989年の天安門事件の犠牲者を追悼する年次警戒など、中央政府本土の政策に抗議することができますが、抗議の主催者はデモの前に警察に通知する必要があります。
h2_001 > p_002,"Bilateral Agreements and Multilateral Forums:  Hong Kong continued to participate separately from mainland China in a number of multilateral organizations and agreements, including the financial action task force and the financial stability board. Hong Kong concluded a free trade agreement with Australia in November 2018 and with Georgia in June 2018.  An ASEAN-Hong Kong free trade agreement entered into force in January 2019.  Hong Kong is a separate and active member of the WTO. ",二国間協定と多国間フォーラム：香港は、中国本土とは別に、金融行動特別委員会や金融安定理事会など、多数の多国間組織や協定に引き続き参加しました。香港は、2018年11月にオーストラリアと、2018年6月にジョージアとの自由貿易協定を締結しました。2019年1月に締結されたASEAN香港の自由貿易協定。香港は、WTOの独立した活発なメンバーです。,二国間協定と多国間フォーラム:香港は、金融行動タスクフォースや金融安定理事会を含む多国間の組織や協定の数に中国本土とは別に参加し続けました。香港は2018年11月にオーストラリア、2018年6月にジョージア州と自由貿易協定を締結した。 2019年1月に発効したASEAN-香港自由貿易協定。 香港はWTOの独立したアクティブなメンバーです。
h2_001 > p_003,"Trade, Commerce, and Finance:  U.S. trade and finance relations with Hong Kong were very strong. More than 1,300 U.S. firms operated in the Special Administrative Region, with about 300 U.S. firms basing their Asian regional operations in the city. Nearly every major U.S. financial firm maintained a presence in Hong Kong, with hundreds of billions of dollars in assets under management.  Hong Kong was a major destination for U.S. legal and accounting services.  In 2018, the United States’ largest worldwide bilateral trade-in-goods surplus was with Hong Kong, at $31.1 billion. Exports totaled $37.4 billion and imports were $6.3 billion, Hong Kong ranked ninth-largest among U.S. goods exports destinations.  Hong Kong was the fourth-largest market for U.S. exports of consumer-oriented agricultural products in 2017, valued at $4.3 billion, representing 10 percent growth from 2016.  U.S. exports of goods and services to Hong Kong supported an estimated 188,000 U.S. jobs in 2015 (latest data available).","貿易、商業、金融：香港との米国の貿易および金融関係は非常に強固でした。 1,300以上の米国企業が特別行政区で活動し、約300の米国企業が同市でアジアの地域活動を行っています。ほぼすべての主要な米国の金融会社が香港でプレゼンスを維持し、数千億ドルの資産が管理されています。香港は、米国の法律および会計サービスの主要な目的地でした。 2018年、米国最大の二国間貿易貿易収支の黒字は、香港で313億ドルでした。輸出総額は374億ドル、輸入高は63億ドルであり、香港は米国の商品輸出先の中で9番目に大きい。香港は、2017年の消費者向け農産物の米国輸出の4番目に大きな市場であり、価値は43億ドルで、2016年から10％の成長に相当します。香港への米国の商品とサービスの輸出は、2015年に推定188,000の米国の雇用を支えました（最新のデータが利用可能です）。","貿易、商業、金融:米国と香港との貿易・金融関係は非常に強かった。1,300社以上の米国企業が特別行政区で事業を展開し、約300社の米国企業がアジア地域事業をベースにしています。ほぼすべての大手米国の金融会社は香港でプレゼンスを維持し、数千億ドルの資産を運用しました。 香港は米国の法務・会計サービスの主要な目的地でした。 2018年、米国最大の世界的な二国間貿易黒字は香港で311億ドルでした。輸出額は374億ドル、輸入額は63億ドルで、香港は米国の輸出先の中で9位でした。 香港は、2017年の米国の消費者向け農産物輸出市場第4位の市場で、2016年から10%の成長を示す43億ドルと評価されました。 米国の香港への商品やサービスの輸出は、2015年に推定188,000人の米国の雇用を支えました(最新のデータが入手可能)。"
h2_001 > p_004,"U.S. Citizen Interests:  An estimated 85,000 U.S. citizens lived in Hong Kong, while 1.3 million visited or transited in 2018.  Hong Kong remains one of the safest cities in the world, with low rates of crime.  Approximately 127,000 Hong Kong residents visited the United States in 2018, and 20 direct flights operated between the United States and Hong Kong.","米国の市民権：推定85,000人の米国市民が香港に住んでいたが、2018年には130万人が訪問または通過した。香港は依然として犯罪率が低く、世界で最も安全な都市の1つである。 2018年には約127,000人の香港居住者が米国を訪れ、20の直行便が米国と香港の間を運航しました。","米国市民の利益:推定85,000人の米国市民が香港に住んでいましたが、2018年には130万人が訪問または通過しました。 香港は依然として世界で最も安全な都市の一つであり、犯罪率は低い。 2018年には約12万7,000人の香港居住者が米国を訪れ、米国と香港間を直行便が20便運航しました。"
h2_001 > p_005,"Law Enforcement Cooperation:  U.S. federal law enforcement agencies continued to cooperate effectively with the Hong Kong disciplined services, which is composed of police, customs, and immigration elements.  Hong Kong helped to disrupt the flow of contraband, including narcotics such as fentanyl and synthetic opiates, between the United States and East Asia, including by conducting joint operations.  In 2018, USG information regarding shipments entering Hong Kong generated 65 arrests and multiple seizures of contraband, to include nearly 1,100 lbs (500 kg) of illegal drugs, approximately 41,000 counterfeit items valued at a total of $2.4 million, and more than 6,600 rounds of ammunition.  The United States assisted in Hong Kong’s identification of drug trafficking cells operating in Hong Kong and East Asia that could affect the United States.  Hong Kong expanded its assistance to stop hundreds of millions of dollars of illicit fund transfers from U.S. victims to and through Hong Kong banks.  Hong Kong counterparts provided tactical and operational support for U.S. activities and participated in U.S. International Law Enforcement Academy training in Bangkok.  Hong Kong generally remained a good partner for fugitive surrender and sharing of evidence in criminal cases.  During the reporting period. Hong Kong authorities assisted with two fugitive surrender cases for persons to be prosecuted in the United States.  The mainland central government has still not provided information on the disposition of its case against an individual sought by the USG that the Hong Kong government detained but released in October 2017 on the basis that the individual was subject to parallel prosecution by mainland China authorities.  Hong Kong has yet to adopt certain systems that would improve identification of high-risk travelers.","「法執行協力：米国の連邦法執行機関は、警察、税関、および移民の要素で構成される香港の懲戒処分を受けたサービスと引き続き効果的に協力しています。香港は、フェンタニルや合成などの麻薬を含む密輸品の流れを妨害するのに役立ちました。合同作戦を行うことを含む、米国と東アジアの間の麻薬取引。2018年に、香港に入る貨物に関するUSG情報は65名の逮捕と禁制品の複数の押収を引き起こし、約1,100ポンド（500 kg）の違法薬物、約41,000合計で240万ドル相当の偽造品、6,600発以上の弾薬。米国は、香港に影響を与える可能性のある香港と東アジアで作動する麻薬密売細胞の特定を支援した。香港は、支援を拡大した。米国の犠牲者から香港へ、および香港を通過する何億ドルもの違法な資金移動を阻止する銀行。香港のカウンターパートは、米国の活動に対する戦術的および運用上のサポートを提供し、バンコクでの米国国際法執行アカデミーのトレーニングに参加しました。香港は一般的に、逃亡者の降伏と刑事事件における証拠の共有のための良いパートナーであり続けました。レポート期間中。香港当局は、米国で起訴される人物のための2つの逃亡降伏事件を支援した。中国本土の中央政府は、香港政府が拘留したが、2017年10月に釈放されたUSGにより捜査された個人に対するその訴訟の処分に関する情報をまだ提供しておらず、その個人は中国本土当局による並行した訴追の対象となった。香港は、リスクの高い旅行者の特定を改善する特定のシステムをまだ採用していません。」","法執行協力:米国連邦法執行機関は、警察、税関、移民の要素で構成される香港の規律あるサービスに効果的に協力し続けました。 香港は、フェンタニルや合成アヘンなどの麻薬を含む米国と東アジアの間の密輸品の流れを混乱させるのに役立ちました。 2018年、香港に入国した貨物に関するUSG情報は、65人の逮捕者と複数の密輸品の発作を生み出し、違法薬物のほぼ1,100ポンド(500kg)、合計240万ドルの偽造品約41,000個、6,600発以上の弾薬を含む。 米国は、香港と東アジアで活動する麻薬密売細胞の同定を支援し、米国に影響を及ぼす可能性がある。 香港は、米国の被害者から香港の銀行との間の違法な資金移転の数億ドルを停止するための支援を拡大しました。 香港のカウンターパートは、米国の活動に戦術的および運用的支援を提供し、バンコクでの米国国際法執行アカデミーの訓練に参加しました。 レポート期間中。香港当局は、米国で起訴される人物に対する2件の逃亡降伏事件を支援した。 本土中央政府は、香港政府が拘束したが、2017年10月に釈放されたUSGが求めた個人に対する訴訟の処分に関する情報を、その個人が中国本土当局によって並行して起訴されたという根拠に基づいて、まだ情報を提供していない。 香港は、リスクの高い旅行者の識別を改善する特定のシステムをまだ採用していません。"
h2_001 > p_006,"U.S. Military Activities:  Engagement between U.S. military forces and the Hong Kong disciplined services continued, with a focus on counterterrorism, including a subject matter exchange in August 2018 with Navy Special Warfare Group One and participation in a U.S. sponsored regional counterterrorism conference in New Delhi. With approval from the mainland central government, the USS Ronald Reagan and two accompanying ships visited Hong Kong in November 2018.  The mainland central government denied a port call by the U.S. ship Wasp in October 201 8, the second such denial since December 2014, breaking with Hong Kong’s tradition as an open port.  The Commander of USINDOPACOM visited Hong Kong in March 2018.",米軍の活動：米軍と香港の統制下のサービスとの関わりは引き続き続き、テロ対策に焦点が当てられました。これには、2018年8月の海軍特殊戦グループ1との主題交換や、米国が主催するニューデリーでの地域テロ対策会議への参加が含まれます。本土中央政府の承認を得て、USSロナルドレーガンと付随する2隻の船は、2018年11月に香港を訪れました。本土中央政府は、米国の船Waspによる寄港を拒否しました。香港の伝統を開放港として。 USINDOPACOMの司令官は2018年3月に香港を訪問しました。,米軍の活動:米軍と香港の規律あるサービスとの関わりは続き、2018年8月に海軍特殊戦グループ1との主題交換やニューデリーでの米国主催の地域テロ対策会議への参加など、テロ対策に焦点を当てた。本土中央政府の承認を得て、USSロナルド・レーガンと2隻の付随する船が2018年11月に香港を訪問しました。 本土中央政府は、2014年12月以来2回目の拒否である米国船ワスプによる寄港を否定し、香港の開放港としての伝統を破った。 USINDOPACOMの司令官は2018年3月に香港を訪問しました。
h2_001 > p_007,"Sanctions Enforcement:  The USG communicated regularly with Hong Kong on issues involving sanctions enforcement, strategic trade controls, and counter-proliferation concerns, and the Hong Kong government’s handling of these issues received increased public and private scrutiny in 2018.  In June 2018, the Hong Kong government incorporated UN Security Council Resolutions 2270, 2321, 2371, 2375, and 2397 into its sanctions ordinance, enhancing tools available for North Korea sanctions enforcement. Hong Kong conducted 182 investigations of potential sanctions violations in 2018, twice as many as 2017.  Many companies were deregistered, however, no charges were brought. Hong Kong put in place legislation intended to make it more difficult for anonymous front companies to utilize Hong Kong to evade sanctions or violate U.S. export laws. p_012,The Department of State met annually for counter-proliferation dialogue with the Hong Kong government to maintain communication and to review policies, procedures, and specific cases.  Given Hong Kong’s position as a free economy and one of the world’s largest and busiest ports, it remains a target of proliferators. """"""",「制裁措置：USGは、制裁措置の執行、戦略的貿易管理、対拡散問題などに関する問題について香港と定期的に連絡を取り、香港政府によるこれらの問題への対応は、2018年に公的および私的監視の強化を受けました。2018年6月、香港政府は、国連安保理決議2270、2321、2371、2375、および2397を制裁条例に盛り込み、北朝鮮制裁の実施に利用できるツールを強化しました。2018年には、制裁違反の可能性について、2017年の2倍の182件の調査が実施されました。多くの企業が登録解除されましたが、起訴はありませんでした。香港では、匿名のフロント企業が香港を利用して制裁を回避したり、米国の輸出法に違反したりすることを困難にする法律が制定されました。p_012、国務省は、コミュニケーションを維持し、政策を見直すための香港政府との対核拡散対話、手順、および特定のケース。自由経済としての香港の地位と、世界で最大かつ最も忙しい港の1つであることを考えると、それは依然として増殖者の標的です。 「」「」「」「」,"「制裁執行:USGは、制裁執行、戦略的貿易管理、反拡散の懸念に関する問題について香港と定期的に連絡を取り合い、香港政府のこれらの問題への対応は2018年に公的および私的な精査を受けました。 2018年6月、香港政府は国連安全保障理事会決議2270、2321、2371、2375、2397を制裁条例に盛り込み、北朝鮮制裁執行に利用できるツールを強化した。香港は2018年に制裁違反の可能性について182件の調査を実施し、2017年の2倍に上った。 しかし、多くの企業が登録解除されましたが、料金は発生しませんでした。香港は、匿名のフロント企業が香港を利用して制裁を逃れたり、米国の輸出法に違反したりすることをより困難にすることを目的とした法律を施行した。p_012,国務省は、通信を維持し、政策、手続き、および特定のケースを見直すために、香港政府との反拡散対話のために毎年会合を開いた。 自由経済と世界最大かつ最も忙しい港の一つとして香港の地位を考えると、それは増殖者のターゲットのままです。"""""""""""""""
h2_001 > p_008,"Export Controls:  The Department of Commerce maintained an export control office in Hong Kong to conduct end-use checks, industry outreach, and government liaison work.  U.S. representatives continued to raise concerns about cases of diversion of controlled items.  The U.S. and Hong Kong governments took steps to tighten licensing requirements and held joint seminars for industry groups, published due diligence guidance to raise industry awareness about trans-shipment risks, and cooperated on export control officer action requests.""""""Hong Kong is eligible to receive controlled U.S. defense articles sold via direct commercial sale.  The Department of State, which licenses commercial sales of such articles under the International Traffic in Arms Regulations, enhanced compliance via its blue lantern end-use monitoring program and worked with the Hong Kong government to reduce the risk of diversion.""""""","「輸出管理：商務省は、最終使用チェック、業界への働きかけ、政府との連絡作業を実施するために香港に輸出管理事務所を置いていました。米国の代表者は、規制品目の転用の事件について引き続き懸念を表明しています。米国と香港政府は、ライセンス要件を厳しくするための措置を講じ、業界グループ向けの合同セミナーを開催し、積み替えリスクに関する業界の意識を高めるためのデューデリジェンスガイダンスを公開し、輸出管理担当官の行動要求に協力しました。 """" """" """"香港は、直接商業販売を通じて販売された米国国防物品を管理しました。国防省は、国際武器取引規則に基づいてそのような物品の商業販売を許可し、ブルーランタン最終使用監視プログラムを通じてコン​​プライアンスを強化し、香港政府と協力して削減しました迂回のリスク。 """" """" """" """,輸出管理:商務省は、香港に輸出管理事務所を維持し、エンドユースチェック、業界アウトリーチ、政府連絡業務を行いました。 米国代表は引き続き、規制品目の転用事例に対する懸念を提起した。 米国と香港の政府は、ライセンス要件を強化する措置を講じ、業界団体向けの合同セミナーを開催し、輸送リスクに関する業界の意識を高めるためのデューデリジェンスガイダンスを発表し、輸出管理官の行動要求に協力しました。 武器の国際交通規制の下でこのような記事の商業販売をライセンスする国務省は、青いランタンのエンドユース監視プログラムを介してコンプライアンスを強化し、香港政府と協力して転用のリスクを減らしました。
h2_001 > p_009,"Academic, Cultural, and Scientific Exchanges: U.S. institutions conducted extensive academic, cultural, educational, and scientific exchanges with Hong Kong, including short-term visits by U.S. faculty, summer programs for students, and exchanges of faculty and staff. During the 2017-2018 academic year, 7,162 Hong Kong students studied at U.S. colleges and universities, contributing approximately $275 million to the U.S. economy. Hong Kong hosted more than 1,640 U.S. students in academic year 2016-2017, including 48 U.S. undergraduate Gilman Scholars.  In 2018-2019, 10 Hong Kong residents were selected as Fulbright students and scholars, and Hong Kong hosted six U.S. Fulbright scholars and two Fulbright specialists.  In FY 2018, 18 Hong Kong residents participated in the Department of State’s International Visitor Leadership Program. ","学術的、文化的、科学的交流：米国の機関は、米国の教員による短期訪問、学生向けの夏季プログラム、および教職員の交流など、香港との広範な学術的、文化的、教育的、科学的な交流を行いました。 2017〜2018年度、7,162人の香港の学生が米国の大学で学び、米国経済に約2億7,500万ドルを貢献しました。香港では、2016年から2017年にかけて、米国の48人のギルマン学者を含む1,640人以上の米国人学生を受け入れました。 2018年から2019年に、フルブライトの学生と学者として10人の香港居住者が選ばれ、香港には6人の米国フルブライト学者と2人のフルブライト専門家がホストされました。 2018年度、18人の香港居住者が国務省の国際ビジターリーダーシッププログラムに参加しました。","学術・文化・科学交流:米国の機関は、米国の教員による短期訪問、学生向けのサマープログラム、教職員の交流など、香港との学術、文化、教育、科学交流を幅広く行いました。2017-2018年度には、7,162人の香港の学生が米国の大学で学び、約2億7,500万ドルを米国経済に貢献しました。香港は、2016-2017年度に1,640人以上の米国学生を受け入れました。 2018-2019年には、フルブライトの学生や学者に10人の香港の住民が選られ、香港は6人の米国フルブライト学者と2人のフルブライトの専門家をホストしました。 2018年度は、18名の香港居住者が国務省の国際ビジター・リーダーシップ・プログラムに参加しました。"
h2_002,Other Matters Affecting U.S. Interests in Hong Kong,香港の米国の利益に影響を与えるその他の事項,香港における米国の利益に影響を及ぼすその他の事項
h2_002 > p_000,"During the reporting period, policies and practices of the mainland central government adversely impacted Hong Kong in multiple areas, and mainland pressure resulted in new constraints on Hong Kong’s political space.  In some particularly concerning instances, Hong Kong authorities took actions aligned with mainland priorities at the expense of human rights and fundamental freedoms.  There were particular setbacks in democratic electoral processes, freedom of expression, and freedom of association.",報告期間中、本土中央政府の政策と慣行は複数の地域で香港に悪影響を及ぼし、本土の圧力は香港の政治空間に新たな制約をもたらしました。特に懸念されるいくつかの例では、香港当局は人権と基本的な自由を犠牲にして本土の優先事項に沿った行動をとった。民主的な選挙プロセス、表現の自由、結社の自由に特に後退がありました。,報告期間中、中央政府本土の政策と慣行が複数の地域で香港に悪影響を及ぼし、本土の圧力は香港の政治的空間に新たな制約をもたらした。 特に香港当局は、人権と基本的自由を犠牲にして本土の優先事項に沿った行動を取った。 民主的な選挙プロセス、表現の自由、結社の自由には特に挫折がありました。
h2_002 > p_001,"Mainland Policy regarding Hong Kong Politics:  The mainland central government publicly and privately stated its aim was to establish clear-cut and fixed “redlines” precluding advocacy of independence for Hong Kong, while allowing other civil and political rights.  In practice, apparent inconsistencies in the implementation of the basic law during the period covered by this report increased local concerns that mainland central government policy is shifting toward diminished tolerance for human rights and fundamental freedoms in Hong Kong, mirroring the strengthening of authoritarian action inside mainland China in recent years.  Growing political restrictions in Hong Kong may be straining the confidence of the international business community.  Following Hong Kong’s decision not to renew journalist Victor Mallet’s visa, the American Chamber of Commerce called on Hong Kong “to make it clear to the international business community that free speech and free flow of information in this world city is still sound enough for business to consider Hong Kong as an important hub.” ",香港の政治に関する中国本土のポリシー：本土の中央政府は、公的および私的に、その目的は、他の市民的および政治的権利を許可しながら、香港の独立の擁護を排除する明確で固定された「レッドライン」を確立することであると述べました。実際には、このレポートの対象期間中の基本法の実施に明らかな矛盾があったため、本土中央政府の政策が本土内の権威主義的行動の強化を反映して、香港における人権と基本的自由に対する寛容性の低下にシフトしているという地元の懸念が高まった近年の中国。香港での政治的制限の高まりは、国際的なビジネスコミュニティの信頼に負担をかけている可能性があります。ジャーナリストのビクターマレットのビザを更新しないという香港の決定を受けて、アメリカ商工会議所は香港に、「この世界の都市での言論の自由と情報の自由な流れがビジネスにとって十分に健全であることを国際ビジネスコミュニティに明確にすることを求めました」香港を重要なハブと見なしてください。」,香港政治に関する本土政策:本土中央政府は、香港の独立擁護を妨げる明確で固定的な「朱書き」を確立し、他の市民的および政治的権利を認めることを目的としていると公私に述べた。 実際には、この報告書の対象期間中の基本法の実施における明らかな矛盾は、本土中央政府の政策が香港の人権と基本的自由に対する寛容さの低下に向かっているという地元の懸念を高め、近年の中国本土内での権威主義的行動の強化を反映している。 香港での政治的制限の拡大は、国際経済界の信頼を圧迫している可能性がある。 香港がジャーナリストのビクター・マレットのビザを更新しないことを決定した後、アメリカ商工会議所は香港に「この世界都市における言論の自由と情報の自由な流れは、ビジネスが香港を重要なハブと考えるのに十分な音であることを国際経済界に明らかにする」よう求めた。
h2_002 > p_002,"Freedoms of Association and Movement:  In September 2018, the Hong Kong government banned the pro-independence Hong Kong National Party (HKNP) using the societies ordinance, the first time a political organization in Hong Kong had been banned for “national security” reasons.  Hong Kong immigration authorities restricted entry to Hong Kong by individuals critical of the communist party of China, including Japanese politician Kenichiro Wada, whom pro-Beijing media outlets called an “anti-China rightist” for his support of Taiwan independence.  In October 2018, Hong Kong authorities refused to renew the work visa of Victor Mallet, Financial Times Asia news editor, after he hosted a talk by a pro-Hong Kong independence advocate in his capacity as acting chairman of the foreign correspondent’s club (FCC).  Mainland central government authorities condemned the FCC for hosting the talk.  In November 2018, Hong Kong authorities refused to allow Mallet, who is a British citizen, to enter Hong Kong as a tourist.  In addition to these documented cases, the U.S. consulate general also received multiple reports of alleged harassment or intimidation of individuals affiliated with foreign NGOs, the press, or pro-democracy activists.",結社と運動の自由：2018年9月、香港政府は、「国家安全保障」上の理由で初めて香港の政治組織が禁止されたとき、社会条例を使用して独立派香港国民党（HKNP）を禁止しました。香港入国管理当局は、中国の共産党を批判する個人による香港への入国を制限しました。日本政治家の和田健一郎は、台湾のメディア支持機関が台湾の独立を支持したことから「反中国の右派」と呼びました。 2018年10月、香港の当局は、フィナンシャルタイムズアジアのニュース編集者であるビクターマレットの外国人特派員クラブ（FCC）の会長代理としての講演を主催した後、ビクターマレットの就労ビザの更新を拒否しました。 。本土中央政府当局は、FCCを主催したとして非難した。 2018年11月、香港当局は、英国市民であるマレットの香港への観光客の入国を拒否しました。これらの文書化された事件に加えて、米国総領事館は、外国のNGO、報道機関、または民主化活動家に所属する個人の嫌がらせまたは脅迫の疑いに関する複数の報告も受け取りました。,結社と運動の自由:2018年9月、香港政府は、香港の政治組織が「国家安全保障」の理由で初めて禁止された社会条例を使用して、独立推進派の香港国民党(HKNP)を禁止しました。 香港の移民当局は、台湾独立を支持する親北京メディアが「反中右派」と呼んだ日本の政治家和田健一郎を含む、中国共産党に批判的な個人による香港への入国を制限した。 2018年10月、香港当局は、外国特派員クラブ(FCC)の会長代行を務める香港独立支持者の講演を主催した後、フィナンシャル・タイムズ・アジアのニュース編集者ビクター・マレットの就労ビザの更新を拒否した。 本土中央政府当局は、FCCが講演を主催したとして非難した。 2018年11月、香港当局は、英国市民であるマレットが観光客として香港に入国することを拒否した。 これらの文書化された事件に加えて、米国総領事館は、外国のNGO、報道機関、または民主化活動家と提携している個人に対する嫌がらせや脅迫の申し立てについても複数の報告を受けました。
h2_002 > p_003,"Freedom of Expression:  In January 2019, the Hong Kong government proposed local implementing legislation for the mainland’s national anthem law.  On November 17, 2017, the Standing Committee of the National People’s Congress adopted the decision to add the National Anthem law to Annex Ill of the Basic Law, which lists all of the mainland national laws that are to be applied in the special administrative region.  The proposed local law would subject those who “publicly and intentionally insult” the anthem to punishment not to exceed a $813 ($6,380 HKD) fine and/or three years in prison.  Flag desecrations are subject to similar penalties, and at least one activist was jailed for two months in March 201 8 for flag desecration.  In November 2018, organizers of a Hong Kong exhibition by political cartoonist Badiucao, whose drawings have criticized the communist party, canceled the event due to alleged threats from mainland central government authorities, according to media reports.  The organizers did not specify the nature of the threats.  Also in November 201 8, author Ma Jian was told by Tai Kwun art space administrators that he could not present his work at the venue during the Hong Kong international literary festival, before public outcry forced the administrators to reverse course.  The Hong Kong government denied any role in the initial decision to bar Ma’s events, which went on without incident.","表現の自由：2019年1月、香港政府は中国本土の国歌法の現地施行法を提案しました。 2017年11月17日、全国人民代表大会の常任委員会は、特別行政区で適用されるすべての本土の国内法を列挙した基本法の附属書Iに国歌法を追加する決定を採択しました。地方法案は、国歌を「公然と故意に侮辱する」者に対し、813ドル（6,380香港ドル）の罰金および/または3年の懲役を超えない罰を科すことになる。旗の冒涜は同様の罰則の対象となり、少なくとも1人の活動家が旗の冒涜のために2011年3月に2か月間投獄された。メディアの報道によると、2018年11月、共産党を批判した絵を描いた政治漫画家バディウカオによる香港展覧会の主催者は、本土中央政府当局からの脅迫の疑いでイベントをキャンセルしました。主催者は脅威の性質を特定しなかった。また、2011年11月8日、作家Ma JianはTai Kwunアートスペース管理者から、香港の国際文学フェスティバルでは会場で作品を発表できないと告げられました。香港政府は、馬の事件を阻止するという最初の決定において、何の問題もなく続いたいかなる役割も否定した。","表現の自由:2019年1月、香港政府は本土の国歌法に関する現地の実施法を提案した。 2017年11月17日、全国人民代表大会常任委員会は、特別行政区で適用されるすべての本土の国内法をリストアップした基本法の附属書に国歌法を追加する決定を採択した。 提案された現地法は、国歌を「公然と意図的に侮辱する」者に対し、813ドル(6,380ドルHKD)の罰金および/または3年の懲役刑を超えない処罰を受ける。 旗の非難も同様の罰則の対象となり、少なくとも1人の活動家が2018年3月に旗の冒涜のために2ヶ月間投獄された。 2018年11月、共産党を批判している政治漫画家バディカオによる香港展の主催者は、本土中央政府当局からの脅迫の疑いでイベントをキャンセルしたとメディアの報道によると。 主催者は脅威の性質を明らかにしなかった。 また、201 8年11月には、著者の馬建は、香港の国際文学祭の間に会場で彼の作品を発表することはできないとタイクンアートスペース管理者から言われました。 香港政府は、何事もなく続いた馬の出来事を禁じるという最初の決定におけるいかなる役割も否定した。"
h2_002 > p_004,"Academic Freedom:  In January 2018, Hong Kong Polytechnic University did not renew lawmaker Cheng Chung-tai’s teaching contract after he was convicted of flag desecration. In May 2018, Chinese President Xi proposed Hong Kong-based researchers be permitted to apply for expanded grants from the mainland central government.  Chinese state-controlled Xinhua news agency reported that the mainland central government would support researchers who “love the country and Hong Kong,” which some local academics interpreted as a political litmus test for grant approvals.",学問の自由：2018年1月、香港ポリテクニック大学は、旗の冒涜で有罪判決を受けた鄭忠泰議員の教育契約を更新しませんでした。 2018年5月、Xi大統領は香港を拠点とする研究者に本土中央政府からの拡張助成金の申請を許可することを提案しました。中国の国営新華社通信は、中国本土の中央政府が「国と香港を愛する」研究者を支援することを報告しました。一部の地方学者はこれを助成金承認のための政治的リトマス試験と解釈しました。,学問の自由:2018年1月、香港理工大学は、旗の冒涜で有罪判決を受けた後、議員チェン・チョンタイの教育契約を更新しませんでした。2018年5月、中国の習主席は、香港に拠点を置く研究者に対し、本土中央政府からの拡大助成金の申請を許可することを提案した。 中国国営新華社通信は、本土中央政府が「国と香港を愛する」研究者を支援すると報じた。
h2_002 > p_005,"Internet and Media Freedom:  The special administrative region’s online environment remained unfettered. Freedom of expression of members of the press and other media was generally respected, allowing for lively public political discourse, although journalists assessed media outlets practiced a degree of self-censorship for commercial and/or political reasons.  A significant number of media outlets are now owned by companies with business interests on the mainland or whose major shareholders are members of the Chinese communist party.  Reporters Without Borders ranked Hong Kong in 70th place in its world press freedom index for 2018.  In May 2018, local media reported that the mainland central government liaison office in Hong Kong indirectly owned more than half the bookstores in the city, raising concerns that those bookstores would not sell politically sensitive books.",インターネットとメディアの自由：特別行政区のオンライン環境は自由のままでした。マスコミや他のメディアの表現の自由は一般に尊重され、活気のある政治的言説を可能にしましたが、ジャーナリストはメディアがメディアや政治的な理由からある程度の自己検閲を行ったと評価しました。現在、かなりの数のメディアが本土でビジネスに関心のある企業、またはその大株主が中国共産党のメンバーである企業が所有しています。国境なき記者団は、2018年の世界報道自由指数で香港を70位にランク付けしました。2018年5月、地元メディアは、香港の本土中央政府連絡事務所が市内の書店の半分以上を間接的に所有しており、本屋は政治的に敏感な本を売らないでしょう。,インターネットとメディアの自由:特別行政区のオンライン環境は自由に残ったままでした。ジャーナリストはメディアを評価し、商業的および/または政治的な理由で一定の自己検閲を行ったが、報道機関や他のメディアのメンバーの表現の自由は一般的に尊重され、活発な公共の政治的言説を可能にした。 現在、かなりの数のメディアは、本土でビジネス上の利益を持つ企業、または大株主が中国共産党のメンバーである企業によって所有されています。 国境なき記者団は、2018年の世界報道の自由度指数で香港を70位にランクインしました。 2018年5月、地元メディアは、香港の本土中央政府連絡事務所が間接的に市内の書店の半分以上を所有していると報じ、これらの書店は政治的に敏感な本を販売しないだろうと懸念を高めた。
h2_002 > p_006,"Development of Democratic Institutions:  Hong Kong authorities again barred candidates from local elections based on actual or imputed political views.  The Hong Kong government barred Lau Siu-lai from running in a November 2018 by-election due to her alleged support for Hong Kong “self-determination.”  Authorities prevented legislative counselor Eddie Chu from running to represent a rural village of 100 constituents based on his statements that other citizens should be free to advocate independence (Chu himself does not support independence).   Pro-establishment candidates won three of five seats in March 2018 and November 2018 legislative council by-elections, representing a net gain of three seats for the pro-establishment camp, after six pan-democratic lawmakers were disqualified from holding office in 2016-2017 following controversy over their oaths.\nJudicial independence remains a cornerstone of Hong Kong’s autonomy.  Members of the Hong Kong bar association, the law society, and local and international business communities expressed continued high confidence in the independence and integrity of Hong Kong’s judicial decisions.  Media reporting alleged that some Hong Kong judges may be considering mainland priorities in deliberations. ",民主制度の発展：香港当局は、実際のまたは帰属する政治的見解に基づいて、地方選挙の候補者を再び禁止しました。香港政府は、ラウ・スーライが彼女の香港の「自己決定」への支持を主張したため、2018年11月の補欠選挙での実行を禁止しました。当局は、立法カウンセラーのEddie Chuが100人の有権者の農村を代表するために立候補することを阻止しました。 2018年3月と2018年11月の立法審議会補欠選挙で、設立民主党の候補者は5議席のうち3議席を獲得しました。これは、6つの汎民主党議員が2016年から2017年に出馬する資格を剥奪された後、設立者キャンプの3議席の純利益を表しています。彼らの誓いをめぐる論争の後。\ n司法の独立は、香港の自治の礎石のままです。香港弁護士会、法曹界、地元および国際的なビジネスコミュニティのメンバーは、香港の司法決定の独立性と誠実さへの高い信頼を表明しました。メディア報道は、一部の香港の裁判官が本土での優先事項を検討している可能性があると主張した。,民主制度の発展:香港当局は、実際の政治的見解または偽装された政治的見解に基づいて、再び候補者を地方選挙から禁じた。 香港政府は、香港への支持が「自己決定」を行ったため、2018年11月の補欠選挙に出馬することを禁止した。 当局は、立法顧問のエディ・チュウが、他の市民が独立を自由に主張すべきだという彼の声明に基づいて、100の構成員の農村を代表するために走ることを阻止した(チュウ自身は独立を支持していない)。  2018年3月と2018年11月の立法評議会補欠選挙で5議席のうち3議席を獲得し、2016-2017年に6人の汎民主党議員が宣誓をめぐる論争の後、就任資格を失った後、設立推進陣営の3議席の純利益を表した。 香港弁護士会、法学会、国内外の経済界のメンバーは、香港の司法決定の独立性と完全性に対して引き続き高い信頼を表明した。 メディアは、一部の香港の裁判官が審議で本土の優先事項を検討しているかもしれないと主張した。
h2_002 > p_007,"Official Mainland Government Presence:  In September 2018, the West Kowloon express rail terminal opened. A “co-location arrangement” between Hong Kong and the mainland permitted mainland security agents to deploy to a discrete area of the train station (the “Mainland Port Area” (MPA)), where mainland law is applied.  Mainland authorities have said the MPA is considered to be mainland China for purposes of certain law enforcement activities, even while passengers are still inside the West Kowloon train station or on the train inside Hong Kong regional territory.  Questions remain regarding consular access to assist foreign citizens in distress in the MPA.  In October 2018, a reported 400 uniformed members of the People’s Liberation Army garrison in Hong Kong deployed in Hong Kong to assist in clearing mountain trails in the wake of typhoon Mangkhut.  The Hong Kong government did not request assistance from the garrison.",本土政府の正式な存在：2018年9月、西九龍高速鉄道ターミナルがオープンしました。香港と本土の間の「コロケーション配置」により、本土の警備員が本土の法律が適用される駅の個別のエリア（「本土の港湾エリア」（MPA））に配備することが許可されました。本土当局は、乗客が西九龍駅内または香港の地域内の電車内にまだいる場合でも、特定の法執行活動の目的のためにMPAは中国本土であると見なされると述べています。 MPAで苦痛を感じている外国人市民を支援する領事館へのアクセスに関する質問が残っています。 2018年10月、報告された香港の人民解放軍守備隊の400人の制服を着たメンバーが、台風マンクフートの影響で山道を一掃するのを助けるために香港に配備されました。香港政府は守備隊に援助を要請しなかった。,公式の本土政府のプレゼンス:2018年9月、西クルーーン急行鉄道ターミナルがオープンしました。香港と本土の間の「コロケーション・アレンジメント」により、本土の警備員は、本土法が適用される鉄道駅(「本土港湾地域」(MPA))の離散エリアに配備することを許可しました。 本土当局は、乗客がまだ西コルーン駅の中や香港地域内の列車の中にいる間でさえ、MPAは特定の法執行活動の目的で中国本土であると考えられていると言いました。 MPAで苦しんでいる外国人を支援するための領事アクセスに関する疑問が残っています。 2018年10月、台風マンクフトをきっかけに山道の清掃を支援するために香港に配備された香港の人民解放軍駐屯地の制服を着た400人のメンバーが報告されました。 香港政府は駐屯地に支援を要請しなかった。
h2_003,Hong Kong Policy Act Findings,香港政策法の調査結果,香港政策法所見
h2_003 > p_000,"There were no suspensions under section 202(a), terminations under section 202(d), or determinations under section 201 (b) of the Act during the period covered by this report.",このレポートの対象期間中に、法のセクション202（a）に基づく停止、セクション202（d）に基づく終了、またはセクション201（b）に基づく決定はありませんでした。,この報告書の対象期間中に、セクション202(a)、セクション202(d)に基づく終了、または法第201条(b)に基づく決定に基づく停止はありませんでした。
